Percentage,2%,3%,4%,5%,6%
ARENTERP,98,84,65,13,11
21STCENMGM,9,0,0,0,0
3MINDIA,34,17,5,5,1
3PLAND,45,26,16,9,9
GANESHHOUC,97,80,70,16,11
DNAMEDIA,95,79,51,19,11
A2ZINFRA,39,28,24,16,14
AAKASH,43,30,21,10,7
AAREYDRUGS,17,11,7,4,2
GTLINFRA,93,79,53,26,13
AARTIDRUGS,26,18,9,5,2
AARTIIND,46,18,7,1,1
AARTISURF,46,32,26,13,11
AARVEEDEN,48,36,26,8,3
CTE,90,78,71,8,8
AAVAS,38,22,16,9,5
ABAN,44,39,38,13,13
ABB,38,21,14,5,3
ABBOTINDIA,19,10,5,1,1
ABCAPITAL,48,32,24,12,6
PRAKASHSTL,90,75,55,20,8
ABMINTLLTD,20,15,12,3,3
ABSLAMC,3,1,0,0,0
ACC,23,10,4,2,1
ACCELYA,38,29,20,10,5
RCOM,89,63,38,14,10
ACE,49,36,28,23,15
JPPOWER,87,80,50,22,19
NAGREEKCAP,86,76,59,0,0
ADANIGREEN,43,21,13,0,0
SHREYAS,85,71,62,20,19
ADANIPOWER,46,36,31,7,6
ADANITRANS,44,33,22,10,8
ADFFOODS,42,24,17,9,6
MINDTECK,85,68,64,15,14
JPINFRATEC,84,45,24,3,3
SPTL,83,77,71,8,7
BHANDARI,83,72,50,4,4
ADVENZYMES,34,19,8,5,5
AEGISCHEM,47,27,18,12,7
AFFLE,40,20,13,4,3
ALMONDZ,83,68,52,6,5
AGRITECH,45,36,28,3,2
ISFT,83,62,48,18,14
LYKALABS,82,74,70,0,0
AHLEAST,34,20,11,9,9
AHLUCONT,39,19,10,8,4
AIAENG,22,8,4,1,0
AIRAN,38,25,19,11,9
AIROLAM,12,6,4,3,3
AJANTPHARM,31,17,4,0,0
AJMERA,41,28,19,12,11
AJOONI,37,21,12,4,3
MANAKCOAT,82,71,53,25,20
GTNTEX,82,69,52,3,3
AKG,45,34,23,9,4
PRECOT,82,65,50,5,5
AKSHOPTFBR,41,30,26,12,11
AKZOINDIA,17,8,1,0,0
ALANKIT,34,25,20,15,12
ALBERTDAVD,31,18,14,11,7
ALEMBICLTD,33,19,12,7,6
AJRINFRA,81,65,38,24,18
KAUSHALYA,80,61,23,5,5
ALKEM,23,11,4,1,1
ALKYLAMINE,45,32,20,14,12
BCG,79,75,66,8,7
PARSVNATH,79,68,59,12,11
GTL,78,75,69,6,6
ALOKINDS,42,33,21,14,11
ALPA,37,26,23,17,14
RTNPOWER,78,72,46,6,6
AMARAJABAT,18,6,1,0,0
AMBER,43,21,16,12,5
AMBICAAGAR,41,31,22,12,11
BLBLIMITED,78,67,59,16,15
AMBUJACEM,30,12,5,2,1
SHRIRAMEPC,78,65,59,19,14
AMIORG,21,17,13,8,8
SURANAT&P,78,61,48,16,14
AMRUTANJAN,33,21,12,10,6
ANANDRATHI,2,2,2,1,0
XPROINDIA,77,72,64,0,0
ANDHRACEMT,44,34,29,4,3
ANDHRAPAP,34,19,9,4,3
OSWALAGRO,77,68,49,12,11
ANDREWYU,15,9,6,3,3
SHYAMCENT,77,57,51,20,18
GENESYS,76,70,62,7,7
ANKITMETAL,46,42,32,6,0
ANMOL,26,16,12,11,9
CELEBRITY,76,66,54,9,8
VIKASWSP,76,60,51,14,12
ANUP,49,30,23,15,8
ANURAS,30,13,9,5,2
RTNINDIA,75,72,60,3,3
APCL,43,26,18,14,10
ENERGYDEV,75,62,56,3,3
APEX,38,25,18,11,8
TRIDENT,75,62,55,8,7
APLLTD,25,11,3,1,0
APOLLO,36,22,17,14,11
APOLLOHOSP,44,23,12,7,6
APOLLOPIPE,49,30,19,10,8
APOLLOTYRE,48,25,13,11,6
APOLSINHOT,48,25,18,12,12
WEBELSOLAR,75,61,46,18,15
APTUS,14,5,2,2,1
ARCHIDPLY,36,24,15,4,4
ARCHIES,36,25,21,16,11
SALONA,75,50,35,19,15
ARIES,49,32,24,16,13
JINDALPHOT,74,71,66,6,5
ARIHANTCAP,29,19,15,12,9
VIKASLIFE,74,68,44,0,0
ARMANFIN,46,30,18,13,8
HCL-INSYS,74,65,58,5,5
ARROWGREEN,48,41,36,11,11
PRICOLLTD,74,57,36,20,9
ARSSINFRA,46,40,33,17,15
EMAMIREAL,74,53,43,17,17
ARTNIRMAN,20,20,20,0,0
ARVEE,24,23,19,0,0
VASWANI,74,52,42,18,17
SUULD,73,66,57,2,2
ARVSMART,44,29,20,13,8
JISLJALEQS,73,62,56,16,14
ASAHISONG,48,34,21,13,10
ACCURACY,73,55,37,19,16
ASALCBR,49,18,10,6,4
ADSL,73,55,43,21,20
ASHIANA,48,34,18,14,8
ASHIMASYN,39,26,22,10,9
ASHOKA,38,29,17,8,5
ASHOKLEY,47,27,13,6,3
ASIANENE,2,0,0,0,0
ASIANHOTNR,37,19,15,12,7
ASIANPAINT,26,15,5,2,1
ASIANTILES,45,29,13,8,6
ASPINWALL,49,33,18,13,7
ASTEC,33,21,10,6,3
ASTERDM,38,23,16,11,6
ASTRAL,40,21,15,8,4
ASTRAMICRO,49,38,30,21,12
ASTRAZEN,16,9,6,3,3
ASTRON,41,26,20,14,11
ATFL,27,13,6,4,2
ATGL,35,21,16,15,14
BROOKS,73,54,44,11,8
ATUL,25,12,6,4,1
ATULAUTO,37,21,13,10,4
MCLEODRUSS,72,64,59,3,2
GAL,72,48,40,15,15
AUROPHARMA,23,11,5,2,2
HCC,72,58,48,12,10
LPDC,72,54,46,3,3
AUTOAXLES,43,27,14,10,6
IBREALEST,72,53,42,31,20
BSL,72,50,38,14,14
AVANTIFEED,28,14,6,3,2
NATIONALUM,72,50,32,19,12
AXISBANK,31,14,7,4,2
PRECAM,72,48,37,27,19
VENUSREM,71,60,50,14,11
BAFNAPH,45,35,29,7,7
BAGFILMS,30,25,10,1,1
BAJAJ-AUTO,19,4,2,2,1
BAJAJCON,30,19,11,5,2
BAJAJELEC,46,31,19,10,8
BAJAJFINSV,38,20,12,6,5
BAJAJHCARE,6,3,1,1,1
SHIVAMILLS,71,55,43,10,8
BAJAJHLDNG,26,6,3,1,0
BAJFINANCE,38,17,11,3,3
BALAJITELE,37,22,13,8,6
TEXMOPIPES,71,55,43,22,19
BALAXI,41,29,19,2,1
BALKRISHNA,42,36,32,0,0
BALKRISIND,34,13,5,4,1
BALMLAWRIE,29,11,7,4,2
BALPHARMA,35,27,21,17,15
NAGREEKEXP,71,54,42,10,9
BANARBEADS,46,28,17,16,11
IZMO,71,52,48,14,11
BANCOINDIA,40,23,19,12,5
BANDHANBNK,39,15,8,4,3
BANG,44,31,25,15,11
GOKEX,70,60,44,16,12
RELCAPITAL,70,59,53,7,4
BANKINDIA,48,26,16,11,8
KHANDSE,70,48,29,11,10
BASF,42,26,15,9,8
BATAINDIA,25,11,4,2,1
BAYERCROP,17,4,1,0,0
BBL,41,26,19,12,9
BBOX,3,2,1,0,0
VISHNU,70,58,51,5,3
ELECON,70,56,44,37,24
BCP,44,31,22,12,11
BDL,38,19,9,4,1
MORARJEE,70,56,42,15,14
BECTORFOOD,31,14,9,6,3
SUZLON,70,52,40,6,6
BEL,46,27,11,4,2
BEML,40,25,14,11,8
BEPL,48,28,21,14,11
BERGEPAINT,17,5,1,1,0
ACRYSIL,69,62,51,19,15
BFINVEST,40,21,13,9,6
EKC,69,62,56,11,9
APLAPOLLO,69,36,24,6,2
BHAGCHEM,15,10,4,2,2
BHAGERIA,48,32,20,11,7
BHAGYANGR,48,37,31,15,10
BHAGYAPROP,43,28,20,14,7
VISASTEEL,69,59,49,0,0
BHARATFORG,43,23,12,4,2
PGEL,69,57,49,15,12
BHARATRAS,32,22,15,13,10
BHARATWIRE,42,33,26,7,4
BHARTIARTL,34,17,7,1,1
GSS,69,48,34,23,14
ANIKINDS,69,56,41,11,10
BIL,37,27,19,15,13
DELTAMAGNT,69,52,41,4,3
BIOCON,26,11,4,2,0
BIOFILCHEM,35,28,25,6,5
BIRLACABLE,44,30,23,13,11
BIRLACORPN,46,25,14,11,5
BIRLAMONEY,45,28,19,17,13
BIRLATYRE,30,27,25,14,10
BKMINDST,18,18,18,10,0
BHARATGEAR,68,43,31,25,18
BLISSGVS,25,16,12,8,5
CLEDUCATE,68,49,40,10,7
BLS,49,36,30,25,20
BLUECHIP,4,4,4,4,4
BLUECOAST,21,19,14,0,0
BLUEDART,37,20,12,6,4
BLUESTARCO,39,17,8,4,0
FLUOROCHEM,68,38,25,17,13
INDSWFTLAB,68,55,44,14,12
BOROLTD,48,36,22,15,13
KABRAEXTRU,68,55,38,32,21
BOSCHLTD,32,15,8,3,2
BPCL,26,5,2,1,0
MANAKSTEEL,68,54,47,8,7
BRFL,29,19,15,7,6
MARATHON,68,53,47,11,10
BRITANNIA,12,2,1,0,0
BRNL,33,19,10,5,3
LYPSAGEMS,68,52,36,15,12
TIMESGTY,68,44,34,19,17
BSHSL,42,35,28,4,4
UGARSUGAR,68,45,38,14,12
BSOFT,45,30,17,11,5
BURNPUR,30,29,18,0,0
BUTTERFLY,26,24,17,10,9
BALAMINES,67,47,34,22,18
CADILAHC,28,9,4,3,1
CALSOFT,45,36,31,11,9
SANGAMIND,67,59,46,5,4
CAMS,40,28,17,11,5
PITTIENG,67,52,44,15,13
CANFINHOME,45,25,15,8,2
CANTABIL,26,14,11,7,5
GOODLUCK,67,50,42,20,19
CAPLIPOINT,42,24,20,13,7
CAPTRUST,48,38,29,24,20
KMSUGAR,67,50,38,17,13
CAREERP,37,26,14,10,8
CARERATING,38,22,12,8,4
CARTRADE,10,7,6,4,2
CASTROLIND,20,9,4,2,1
CCHHL,35,23,16,7,7
CCL,48,27,21,9,6
CDSL,40,29,16,11,6
CEATLTD,27,16,9,6,3
SPAL,67,44,29,23,14
ZEEMEDIA,66,57,49,3,2
CONSOFINVT,66,45,37,23,14
DBREALTY,66,52,45,7,6
INDIAGLYCO,66,44,37,26,18
MAGADSUGAR,66,51,45,20,11
VASCONEQ,66,51,43,19,14
CENTURYPLY,48,33,23,10,3
SUPREMEENG,66,48,39,13,11
CERA,40,22,10,6,3
TIRUMALCHM,66,49,34,21,14
CESC,35,20,12,6,1
CGCL,25,18,11,7,6
CGPOWER,34,25,22,0,0
CHALET,45,32,20,12,8
TRIVENI,66,46,33,24,13
CHEMBOND,49,34,17,10,8
CHEMFAB,43,30,19,8,6
CHEMPLASTS,21,14,8,3,3
BANSWRAS,66,50,38,15,10
CHOLAFIN,48,35,20,8,6
CHOLAHLDNG,28,19,10,2,0
CIGNITITEC,42,30,19,15,10
CINELINE,48,33,23,17,11
CINEVISTA,35,32,26,12,9
CIPLA,24,9,3,1,1
CLEAN,37,21,13,11,8
POONAWALLA,66,50,41,8,7
CLNINDIA,27,18,13,10,6
CLSEL,26,15,12,10,5
CMICABLES,44,34,29,17,12
CMSINFO,1,1,1,1,1
COALINDIA,32,23,10,5,3
COASTCORP,10,7,3,3,2
COCHINSHIP,23,8,4,2,1
COFFEEDAY,44,38,32,19,16
SETCO,65,59,52,19,13
COLPAL,8,1,1,0,0
BIGBLOC,65,55,38,15,12
KANANIIND,65,55,41,10,9
CONCOR,34,17,14,11,8
CONFIPET,48,38,30,27,19
HGINFRA,65,38,23,14,9
CONTROLPR,47,28,19,14,11
GRAVITA,65,52,37,22,17
KHAICHEM,65,45,36,21,16
COROMANDEL,25,11,3,1,0
MBLINFRA,65,49,41,18,15
MSTCLTD,65,46,33,24,20
CRAFTSMAN,38,19,11,8,4
CREATIVE,41,38,34,14,13
CREATIVEYE,42,41,15,0,0
CREDITACC,32,20,13,8,7
CREST,37,26,15,6,5
CRISIL,36,21,12,8,5
CROMPTON,37,17,9,1,1
CSBBANK,36,20,12,6,3
SAIL,65,45,28,18,11
CUB,26,13,4,4,1
TREJHARA,65,52,43,26,24
CUMMINSIND,47,23,10,5,1
CUPID,32,20,9,5,2
CYBERMEDIA,38,24,15,3,2
SPIC,65,49,36,29,18
CYIENT,44,28,18,9,7
DAAWAT,45,29,18,14,8
DABUR,13,1,0,0,0
SURYAROSNI,65,37,27,18,14
SUTLEJTEX,65,43,31,20,19
ARVIND,65,50,31,24,16
DANGEE,19,14,11,5,4
ADROITINFO,64,60,53,4,4
DATAPATTNS,3,3,2,2,2
DBCORP,38,20,15,13,8
DBL,43,27,21,13,11
AYMSYNTEX,64,46,32,7,4
DVL,64,34,25,21,19
FELDVR,64,41,30,5,5
DCBBANK,28,14,9,6,5
DCM,40,33,28,7,7
GATI,64,44,27,15,12
GINNIFILA,64,48,29,16,13
HINDOILEXP,64,46,31,22,13
DCMSRIND,1,0,0,0,0
HUBTOWN,64,59,58,0,0
IEX,64,36,21,12,8
DEEPAKFERT,42,28,20,12,8
INOXWIND,64,40,31,21,14
DEEPENR,39,23,13,9,7
DEEPINDS,45,31,24,21,16
DELPHIFX,16,10,8,5,5
NAGAFERT,64,58,56,0,0
KIOCL,64,47,37,12,9
DEN,38,23,15,8,4
KPITTECH,64,45,31,23,10
DEVYANI,25,16,12,8,7
DFMFOODS,33,17,11,8,6
DGCONTENT,48,39,34,8,6
SASTASUNDR,64,56,46,10,8
DHANBANK,32,22,17,11,7
RUSHIL,64,53,49,12,10
DHANUKA,17,8,4,4,1
DHARAMSI,2,1,1,1,1
INTENTECH,64,51,40,22,17
DHRUV,6,6,4,2,2
SHREEPUSHK,64,37,24,16,10
DIAMONDYD,37,22,14,10,7
DICIND,31,14,9,5,4
DIGISPICE,33,30,28,0,0
DIGJAMLMTD,43,43,43,3,3
DISHTV,34,25,20,15,14
DIVISLAB,25,9,1,1,1
SHRENIK,64,41,31,18,16
TATAMTRDVR,64,39,29,19,13
DLINKINDIA,49,34,21,14,12
DMART,37,24,9,7,2
TNPETRO,64,45,26,19,15
DODLA,12,8,5,3,2
WILLAMAGOR,64,51,38,21,17
DOLLAR,47,29,20,15,8
DPABHUSHAN,63,45,26,16,15
DPWIRES,63,43,32,19,18
DPSCLTD,49,29,22,18,15
EMKAY,63,41,31,24,17
DREDGECORP,37,22,13,11,5
DRREDDY,16,6,1,0,0
FCL,63,45,31,19,10
DTIL,42,22,15,12,10
GOLDIAM,63,45,26,21,16
GTPL,63,43,26,16,10
HINDCOPPER,63,49,39,24,20
DYNAMATECH,34,25,20,15,13
KDDL,63,47,37,19,15
MANINFRA,63,45,28,18,10
ECLERX,41,26,14,7,5
MANUGRAPH,63,48,34,12,12
EICHERMOT,31,14,5,1,0
EIDPARRY,41,24,13,8,5
EIFFL,15,6,6,0,0
EIHAHOTELS,40,26,9,8,5
EIHOTEL,43,21,10,8,4
EIMCOELECO,32,17,13,11,8
MINDAIND,63,35,23,14,10
NAHARCAP,63,47,38,20,14
ELECTCAST,47,28,21,15,8
ELECTHERM,46,27,17,15,11
ELGIEQUIP,46,25,14,9,9
ELGIRUBCO,49,34,20,16,12
EMAMILTD,36,13,3,1,0
EMAMIPAP,43,35,25,19,12
TCIFINANCE,63,56,41,22,21
RENUKA,63,54,51,17,13
EMMBI,47,27,19,16,11
ENDURANCE,33,15,7,4,2
SPECIALITY,63,41,29,21,14
ENGINERSIN,23,12,10,2,1
ENIL,48,34,23,15,13
EPL,39,24,8,5,2
EQUIPPP,45,45,35,6,6
EQUITAS,45,29,18,12,5
ERIS,29,12,8,5,3
SUBEXLTD,63,44,31,27,19
ESABINDIA,37,24,15,8,8
ESCORTS,37,20,10,5,2
ESSARSHPNG,38,26,19,14,13
ESTER,45,32,21,12,10
EUROTEXIND,35,34,30,0,0
RHFL,63,51,31,7,7
VIKASPROP,63,37,26,13,11
EXCEL,45,38,18,0,0
EXCELINDUS,33,21,16,9,7
EXIDEIND,20,7,4,3,1
WSTCSTPAPR,63,35,18,11,8
EXXARO,17,12,7,4,2
ALLSEC,62,40,28,20,14
ANSALHSG,62,47,36,15,15
AURIONPRO,62,47,37,16,14
FCONSUMER,44,30,23,20,15
FCSSOFT,23,20,10,9,5
FDC,28,15,7,3,3
FEDERALBNK,44,19,10,6,3
FEL,47,35,27,13,11
CANBK,62,31,12,7,4
COSMOFILMS,62,45,26,21,16
DHARSUGAR,62,58,51,9,9
FINCABLES,38,27,11,6,4
FINEORG,36,20,13,6,4
FINOPB,5,3,3,2,2
FINPIPE,39,23,11,6,3
GENUSPOWER,62,46,36,22,15
LSIL,62,56,44,7,2
PRIMESECU,62,52,32,5,3
FMGOETZE,28,13,5,2,2
GREAVESCOT,62,42,24,16,10
FOCUS,8,6,1,0,0
FOODSIN,8,7,5,0,0
FORCEMOT,33,18,8,4,3
HBSL,62,47,37,12,12
FOSECOIND,23,12,8,5,4
FRETAIL,47,35,26,10,9
HIKAL,62,44,35,21,16
INTELLECT,62,42,32,16,11
GABRIEL,44,31,20,12,8
KOPRAN,62,48,39,11,7
GAIL,36,19,9,2,2
GOKUL,62,51,43,21,14
GALAXYSURF,33,15,6,6,4
MASTEK,62,43,29,17,9
GALLISPAT,46,32,24,17,13
GANDHITUBE,40,21,13,9,6
GANECOS,37,23,14,10,8
GANESHBE,14,9,8,3,3
MAXVIL,62,49,31,18,13
GANGAFORGE,29,16,4,0,0
GOKULAGRO,62,51,43,21,14
GARFIBRES,31,16,9,6,2
PURVA,62,44,29,18,13
RGL,62,33,17,7,7
RSWM,62,47,30,15,12
GEEKAYWIRE,27,19,15,12,7
GENCON,38,27,15,8,5
SECURKLOUD,62,48,38,14,12
GENUSPAPER,42,28,18,10,9
SWSOLAR,62,41,29,22,12
GEOJITFSL,43,31,25,18,13
GEPIL,37,20,13,7,3
GESHIP,38,21,11,8,6
GET&D,43,26,13,8,6
GFLLIMITED,45,29,16,10,6
GFSTEELS,44,28,21,0,0
ADANIENT,61,35,27,17,11
GICHSGFIN,44,26,12,7,5
GICRE,33,19,15,8,5
AMBIKCO,61,39,25,17,8
GILLETTE,7,1,0,0,0
BESTAGRO,61,46,35,16,10
GIPCL,31,17,8,3,0
GISOLUTION,44,38,19,0,0
GKWLIMITED,31,16,13,11,8
GLAXO,20,7,6,2,1
GLENMARK,37,14,8,4,2
GLOBAL,47,23,17,5,3
GLOBALVECT,42,34,23,14,10
GLOBE,22,14,8,3,3
GLOBUSSPR,41,29,21,8,5
GLS,7,6,1,0,0
GMBREW,38,22,18,11,8
BINDALAGRO,61,47,36,27,20
GMMPFAUDLR,39,15,9,6,4
GMRINFRA,47,28,20,12,9
DELTACORP,61,45,25,16,10
DENORA,61,42,26,20,17
DHAMPURSUG,61,35,24,10,9
SEPOWER,61,60,51,0,0
GOCOLORS,6,5,2,2,2
GODFRYPHLP,25,10,8,6,4
GODHA,25,21,15,6,5
GODREJAGRO,24,10,7,4,1
GODREJCP,29,10,5,1,1
GODREJIND,25,17,8,5,3
GODREJPROP,47,26,12,5,4
FILATEX,61,45,31,21,13
FSL,61,36,22,13,8
HITECHCORP,61,45,29,16,14
INDIANB,61,41,25,12,8
JINDALSTEL,61,38,19,8,4
GOLDTECH,46,37,31,8,8
JSL,61,41,24,14,12
GOODYEAR,22,9,5,2,0
JSLHISAR,61,41,24,14,12
GPPL,34,19,10,6,3
RANASUG,61,54,47,20,17
GRANULES,43,23,14,6,4
NRAIL,61,36,20,14,5
GRASIM,29,14,5,4,2
GRAUWEIL,17,11,7,4,1
OMINFRAL,61,45,29,14,10
PALASHSECU,61,45,33,14,11
GREENLAM,46,22,15,10,8
DSSL,61,50,39,26,22
PIONEEREMB,61,43,27,19,13
GREENPOWER,48,45,36,9,9
JSWISPL,61,50,46,2,2
GRINFRA,13,10,5,4,3
PATSPINLTD,61,50,36,3,3
GRPLTD,37,22,12,9,8
GRSE,39,25,11,9,7
GSCLCEMENT,44,26,15,11,7
SHIVATEX,61,47,38,25,18
GSPL,46,20,12,8,4
SOUTHWEST,61,43,30,12,8
TANLA,61,48,44,0,0
VIKASECO,61,43,31,10,10
AGROPHOS,60,39,32,17,16
AHLADA,60,41,31,11,11
GUFICBIO,48,34,26,22,15
CENTEXT,60,47,36,28,23
GUJAPOLLO,28,19,13,7,6
GUJGASLTD,43,24,14,6,4
GULFOILLUB,18,7,2,0,0
GULFPETRO,45,33,25,14,9
GULPOLY,37,28,21,11,10
HAL,37,22,8,5,3
DCAL,60,43,35,23,14
DCMFINSERV,60,44,26,2,2
HATHWAY,35,22,14,6,5
HATSUN,31,17,15,8,5
HAVELLS,37,16,6,4,2
DCMNVL,60,51,40,0,0
DCMSHRIRAM,60,37,24,17,12
GROBTEA,60,41,31,15,8
HCG,47,27,17,12,6
HARRMALAYA,60,40,24,16,9
HCLTECH,29,10,2,1,0
HDFC,28,9,2,1,1
HDFCAMC,13,6,4,1,1
HDFCBANK,22,6,5,2,0
HDFCLIFE,17,3,1,1,0
HEG,48,36,28,24,19
HEIDELBERG,22,4,1,0,0
HEMIPROP,40,28,19,12,7
HERANBA,29,18,15,9,5
HERCULES,47,20,14,9,2
HERITGFOOD,45,32,20,14,9
HEROMOTOCO,16,6,1,0,0
HESTERBIO,35,21,14,10,7
HSIL,60,45,33,23,17
IBULHSGFIN,60,41,22,14,10
IGPL,60,40,25,17,11
HGS,31,22,16,10,9
IMFA,60,44,30,23,18
JAIBALAJI,60,45,29,4,3
JINDWORLD,60,39,32,26,20
JKPAPER,60,41,28,17,11
JUBLINDS,60,45,39,21,16
HINDCOMPOS,31,24,16,12,10
HINDCON,36,30,26,3,3
KIRLFER,60,39,22,13,5
HINDMOTORS,37,30,27,16,13
HINDNATGLS,34,25,15,8,6
KRIDHANINF,60,50,41,17,15
HINDPETRO,40,14,6,2,1
HINDUNILVR,13,4,2,1,0
HINDZINC,34,21,17,8,5
HIRECT,49,34,22,19,14
LCCINFOTEC,60,44,27,6,4
HITECH,48,35,22,15,9
MADHUCON,60,48,39,13,13
MMTC,60,40,34,28,20
RAIN,60,40,25,18,10
HLVLTD,49,36,24,18,16
HMVL,41,24,17,11,9
HNDFDS,34,25,22,6,6
HONAUT,33,13,6,1,0
HONDAPOWER,24,14,8,7,5
HOTELRUGBY,41,38,18,2,0
SANGHIIND,60,32,27,15,9
SUNTECK,60,27,15,9,6
HSCL,44,30,19,12,7
THOMASCOOK,60,41,28,7,6
HTMEDIA,49,33,26,19,13
TMRVL,60,43,35,6,6
HUDCO,32,20,14,8,7
HUHTAMAKI,24,11,6,3,1
USHAMART,60,40,29,22,15
VIDHIING,60,47,31,24,20
ICEMAKE,42,24,18,8,5
ICICIBANK,31,15,3,2,2
ICICIGI,26,9,4,1,0
ICICIPRULI,31,17,6,3,0
ICIL,3,0,0,0,0
ICRA,29,16,9,5,5
IDBI,48,30,24,21,14
ADORWELD,59,38,23,16,12
AUBANK,59,28,16,7,3
AVADHSUGAR,59,40,30,20,13
BAJAJHIND,59,48,38,11,10
IFBAGRO,47,30,15,11,6
IFBIND,38,25,15,10,7
BALRAMCHIN,59,39,23,17,12
IFGLEXPOR,49,28,20,14,9
IGARASHI,49,27,21,12,8
IGL,29,14,7,0,0
BANKA,59,48,37,13,10
BHEL,59,44,31,17,9
BLKASHYAP,59,46,37,16,14
IIFLWAM,45,24,17,9,5
IITL,43,31,18,6,6
IMAGICAA,35,32,27,10,10
COMPINFO,59,45,36,27,17
IMPAL,26,9,5,4,4
IMPEXFERRO,12,12,12,10,4
INCREDIBLE,33,28,20,13,11
DALMIASUG,59,41,30,19,14
EASTSILK,59,54,40,6,5
INDIACEM,43,21,12,9,7
FAIRCHEMOR,59,35,30,14,8
INDIAMART,41,22,17,14,8
GAYAPROJ,59,43,32,22,16
INDIANCARD,42,28,16,13,8
INDIANHUME,37,24,13,9,7
INDIGO,32,16,12,6,3
INDIGOPNTS,19,11,6,5,2
GREENPANEL,59,44,32,3,2
INDNIPPON,40,20,13,7,2
INDOCO,42,25,13,8,5
INDORAMA,37,28,25,14,14
INDOSTAR,31,14,11,10,7
IDEA,59,43,34,27,19
INSPIRISYS,59,47,36,14,10
JBMA,59,45,37,27,17
INDRAMEDCO,43,32,19,13,11
LGBFORGE,59,54,50,7,6
INDSWFTLTD,34,31,28,3,3
KCPSUGIND,59,47,36,18,13
INDUSINDBK,35,19,11,7,5
INDUSTOWER,46,19,11,7,3
INEOSSTYRO,49,28,17,8,4
INFIBEAM,40,23,19,12,11
INFOBEAN,35,26,20,12,10
INFY,17,5,2,0,0
INGERRAND,33,24,14,12,11
INOXLEISUR,42,21,16,12,4
KARMAENG,59,50,41,8,8
INSECTICID,39,22,14,6,3
MUKTAARTS,59,35,26,8,8
INTEGRA,16,10,1,0,0
NOCIL,59,36,25,11,4
NORBTEAEXP,59,47,42,17,13
INTLCONV,12,3,1,1,1
RELIGARE,59,40,29,22,16
IOB,42,33,29,22,19
IOC,34,12,5,0,0
IOLCP,36,22,13,8,4
IPCALAB,27,12,5,2,1
IPL,15,9,6,3,2
IRCON,26,11,8,7,5
RSSOFTWARE,59,47,38,19,17
IRFC,15,9,6,2,2
IRIS,10,9,6,2,1
IRISDOREME,32,27,21,13,11
ISEC,49,26,12,5,2
SOMATEX,59,50,45,12,12
ISGEC,30,20,10,8,5
TDPOWERSYS,59,42,30,19,15
ITC,18,9,5,3,1
ITDC,35,22,16,8,4
ITDCEM,49,32,21,16,9
ITI,34,15,9,4,1
TRIGYN,59,45,37,22,20
IVP,49,35,27,8,7
IWEL,14,13,12,3,3
VEDL,59,27,18,11,7
J&KBANK,49,36,24,14,9
VIPULLTD,59,48,34,9,7
20MICRONS,58,32,19,9,7
AGARIND,58,46,37,12,10
ANDHRSUGAR,58,36,24,12,6
JAIPURKURT,26,23,19,3,3
JAMNAAUTO,41,26,17,9,6
AUTOIND,58,44,40,2,2
BSE,58,32,24,19,13
JAYBARMARU,40,21,15,11,10
JAYNECOIND,46,45,42,0,0
JAYSREETEA,41,30,18,10,8
JBCHEPHARM,36,22,15,5,3
JBFIND,38,34,27,3,3
CYBERTECH,58,43,34,21,15
JCHAC,24,10,4,2,0
JETFREIGHT,4,4,4,0,0
JHS,47,34,24,10,9
DBSTOCKBRO,58,44,38,18,16
EVERESTIND,58,37,19,11,4
JINDALSAW,48,35,21,17,9
ROLLT,58,55,23,7,6
HINDALCO,58,38,22,12,5
INDTERRAIN,58,48,36,23,18
JISLDVREQS,38,34,29,4,4
KHADIM,58,40,28,17,13
JKCEMENT,46,24,13,6,3
JKIL,49,30,17,11,7
JKLAKSHMI,44,24,15,10,4
KPRMILL,58,38,22,18,13
MAITHANALL,58,39,29,17,14
JMA,46,33,22,16,14
JMCPROJECT,47,29,19,15,11
JMFINANCIL,40,25,14,7,2
JOCIL,45,31,20,12,9
NDL,58,48,39,12,7
PREMIER,58,54,43,3,3
JPOLYINVST,20,20,20,0,0
PERSISTENT,58,28,15,9,3
POKARNA,58,45,32,21,15
RAMKY,58,52,44,7,7
JSWENERGY,42,31,17,12,11
JSWHL,31,20,15,8,5
NDTV,58,51,46,16,15
JSWSTEEL,42,27,9,4,3
JTEKTINDIA,40,19,13,11,7
JTLINFRA,1,0,0,0,0
JUBLFOOD,36,14,7,6,2
GOLDENTOBC,58,50,44,12,10
JUBLINGREA,49,38,29,17,11
JUBLPHARMA,29,18,9,5,2
JUSTDIAL,49,31,20,16,13
JYOTHYLAB,24,10,8,5,2
SARLAPOLY,58,45,35,30,25
KAJARIACER,38,20,10,3,2
KAKATCEM,47,25,18,11,7
KALPATPOWR,32,16,10,5,3
KAMATHOTEL,42,29,21,16,12
SHREERAMA,58,48,41,21,18
SIMPLEXINF,58,49,36,10,7
SPENCERS,58,33,22,11,10
SUNDARAM,58,40,14,3,3
KANSAINER,25,13,6,1,0
KAPSTON,17,12,10,4,3
TATAPOWER,58,37,19,13,9
KARURVYSYA,48,31,17,10,4
TINPLATE,58,38,25,12,6
KAVVERITEL,16,13,8,0,0
TRITURBINE,58,45,32,21,17
KBCGLOBAL,45,41,32,2,2
WELSPUNIND,58,41,27,17,11
ALLCARGO,57,33,26,17,9
APCOTEXIND,57,37,24,15,11
KEC,43,18,8,3,2
KECL,24,17,16,10,8
KEERTI,42,29,15,10,9
AXISCADES,57,43,35,13,12
KELLTONTEC,47,36,24,17,11
KENNAMET,45,27,13,10,6
BANKBARODA,57,33,17,9,5
BEDMUTHA,57,46,34,12,12
CORALFINAC,57,41,25,19,14
DUCON,57,52,42,6,6
KHAITANLTD,11,11,11,0,0
DWARKESH,57,40,28,20,14
KICL,21,12,8,5,4
EROSMEDIA,57,39,28,10,8
KIMS,31,19,12,9,6
GNA,57,42,30,26,18
GREENPLY,57,37,22,19,7
KIRIINDUS,40,25,14,13,7
GSFC,57,37,19,9,7
KIRLOSBROS,44,33,23,15,12
KIRLOSENG,48,34,21,14,8
KIRLOSIND,46,28,23,10,9
KITEX,37,27,20,14,12
KKCL,39,19,11,11,9
HIL,57,31,20,12,9
KNRCON,40,21,11,10,5
KOKUYOCMLN,36,21,12,8,7
ISMTLTD,57,51,48,3,3
KOTHARIPET,57,41,27,21,15
KOTAKBANK,27,10,3,2,1
KREBSBIO,57,45,36,24,19
LFIC,57,39,29,12,9
KOTHARIPRO,33,24,18,10,8
KOVAI,13,8,6,4,2
KPIGLOBAL,49,46,39,5,4
MINDACORP,57,35,22,15,9
MPHASIS,57,23,9,7,2
MTNL,57,43,35,23,21
NAHARINDUS,57,41,29,2,1
NETWORK18,57,44,35,22,17
KRISHANA,47,31,24,13,9
KRITI,7,5,3,3,3
KRSNAA,14,11,7,2,2
KSB,41,24,11,9,4
KSCL,28,16,7,2,1
KSL,46,25,12,9,2
KTKBANK,39,22,14,7,5
KUANTUM,47,35,28,20,14
L&TFH,44,24,12,4,3
LAGNAM,18,14,10,6,4
LALPATHLAB,46,27,16,9,3
NITCO,57,39,25,11,8
LAOPALA,38,23,18,15,11
LASA,44,24,19,13,11
LATENTVIEW,6,5,4,4,4
LAURUSLABS,44,25,15,12,3
LAXMICOT,8,6,4,3,2
LAXMIMACH,47,29,16,8,5
NOIDATOLL,57,42,33,6,6
LEMONTREE,46,29,15,11,8
ONMOBILE,57,49,40,17,15
PANAMAPET,57,43,31,20,12
PDMJEPAPER,57,36,26,14,12
LIBAS,41,32,16,11,9
LIBERTSHOE,36,18,12,7,4
LICHSGFIN,35,18,8,5,3
LINC,47,30,11,7,6
LINCOLN,49,25,18,16,9
LINDEINDIA,47,31,21,13,8
PENIND,57,43,28,18,12
LOKESHMACH,35,24,18,14,13
LOTUSEYE,46,30,20,16,13
LOVABLE,46,31,23,17,12
PRAKASH,57,42,26,16,11
RADAAN,57,51,25,11,3
LT,28,10,3,1,1
LTI,44,24,11,8,4
SALZERELEC,57,39,20,12,11
LUMAXIND,21,9,7,4,2
TATASTEEL,57,31,16,10,4
LUPIN,22,9,4,2,2
LUXIND,41,27,17,9,5
TCIEXP,57,36,22,16,12
TRF,57,37,25,5,4
UNIVPHOTO,57,45,37,28,18
M&M,33,15,8,6,2
VISHAL,57,38,27,8,8
MACPOWER,46,35,26,9,8
ARSHIYA,56,51,38,13,9
JPASSOCIAT,56,51,41,12,11
MADRASFERT,37,28,23,12,11
ANANTRAJ,56,50,41,3,3
MAGNUM,42,31,25,8,8
MAHABANK,47,34,23,16,16
MAHASTEEL,43,29,20,11,7
MAHEPC,27,18,7,5,2
MAHESHWARI,41,24,17,10,10
MAHINDCIE,46,30,20,15,8
MAHLIFE,43,29,20,11,6
BGRENERGY,56,44,32,22,17
MAHSCOOTER,22,12,7,3,2
MAHSEAMLES,43,25,14,6,3
BOMDYEING,56,39,22,15,12
MALUPAPER,36,26,22,16,13
DATAMATICS,56,41,33,21,15
FACT,56,41,27,22,15
MANAKSIA,33,22,17,11,7
FORTIS,56,29,12,10,6
MANALIPETC,48,33,24,12,8
MANAPPURAM,42,19,11,5,2
MANGALAM,40,31,21,17,13
GRAPHITE,56,44,30,21,13
MANGLMCEM,42,26,18,10,8
MANINDS,48,37,17,13,6
GRINDWELL,56,42,24,9,3
MANORG,13,10,7,4,4
HBLPOWER,56,44,30,24,17
MAPMYINDIA,5,4,3,3,3
HEXATRADEX,56,44,38,0,0
HOVS,56,46,36,7,7
MARICO,19,8,3,2,1
IDFC,56,37,21,11,8
MARKSANS,44,25,21,15,8
MARSHALL,12,12,10,5,5
MARUTI,23,9,5,4,2
MASFIN,26,13,6,2,1
JAICORPLTD,56,35,21,14,13
MATRIMONY,39,26,12,9,7
MAWANASUG,44,35,28,9,4
AURUM,56,50,48,15,14
MAXIND,24,11,4,4,1
LODHA,56,39,24,13,12
MAYURUNIQ,49,38,22,12,7
MAZDA,38,24,14,10,6
MBAPL,41,28,20,12,10
LTTS,56,28,10,8,3
MCDHOLDING,40,32,22,8,8
MCDOWELL-N,27,10,5,4,2
MCL,34,25,20,6,4
MARALOVER,56,43,34,8,6
MCX,37,21,9,7,1
MEDICAMEQ,14,10,9,9,6
MEDPLUS,2,2,2,2,2
MEGASOFT,28,27,25,7,6
MOREPENLAB,56,40,34,25,18
MEP,42,33,21,18,12
MERCATOR,48,38,15,5,0
METALFORGE,8,8,8,0,0
METROBRAND,1,0,0,0,0
NACLIND,56,39,30,18,13
MFL,22,16,16,6,6
MFSL,41,19,8,3,0
MGEL,31,23,18,8,6
MGL,24,11,3,2,0
MHRIL,35,22,15,11,6
MIDHANI,24,10,8,6,4
NIITLTD,56,39,25,18,13
PRAXIS,56,44,35,4,4
ROSSELLIND,56,33,21,13,10
MINDTREE,44,31,19,9,3
RPSGVENT,56,36,27,18,17
MIRZAINT,46,31,25,21,13
MITTAL,39,27,26,15,14
MMFL,45,30,18,11,7
SANGHVIMOV,56,42,37,26,19
SGL,56,45,36,21,20
MODISNME,41,28,14,10,8
SIYSIL,56,32,23,18,10
MOIL,35,23,14,7,6
MOKSH,25,19,14,7,4
MOL,16,14,12,8,4
MOLDTECH,36,28,25,13,12
TBZ,56,32,22,18,12
MONTECARLO,48,33,19,12,6
URJA,56,49,46,3,2
VAIBHAVGBL,56,39,23,12,8
MOTHERSUMI,41,26,17,12,6
MOTILALOFS,41,23,15,11,8
VARDHACRLC,56,36,23,13,11
AARON,55,38,28,10,8
MPSLTD,44,27,18,12,10
MRF,22,14,6,3,1
AMDIND,55,42,34,19,17
MRPL,40,26,19,14,10
MSPL,47,36,29,8,8
AMJLAND,55,37,30,21,11
MTARTECH,47,35,25,16,12
MTEDUCARE,34,25,21,14,13
ANGELONE,55,42,32,21,17
MUKANDENGG,19,16,15,9,8
MUKANDLTD,23,19,15,10,9
APARINDS,55,28,16,12,6
MUNJALAU,34,16,12,7,3
MUNJALSHOW,33,16,5,4,3
MURUDCERA,48,36,25,18,12
MUTHOOTCAP,21,13,8,4,1
MUTHOOTFIN,30,19,11,6,4
AUSOMENT,55,42,28,18,13
BEARDSELL,55,36,26,6,3
BPL,55,43,38,16,14
CENTENKA,55,34,19,9,5
CHENNPETRO,55,33,17,6,3
CUBEXTUB,55,42,34,12,11
DLF,55,29,15,6,4
FMNL,55,43,36,2,2
NAM-INDIA,24,9,7,3,0
NATCOPHARM,27,17,6,3,2
NATHBIOGEN,40,26,18,10,9
GANGESSECU,55,28,19,13,10
NATNLSTEEL,28,23,20,3,3
NAUKRI,40,19,14,6,5
NAVINFLUOR,42,20,15,13,8
GMDCLTD,55,32,23,17,9
NAVNETEDUL,31,15,9,5,3
NAZARA,28,20,19,16,9
GPIL,55,38,29,14,8
NBIFIN,28,16,11,9,7
HLEGLAS,55,42,30,15,10
NCC,46,24,17,13,8
NCLIND,45,25,20,10,4
NDGL,48,39,27,18,15
INDOWIND,55,51,46,3,3
NDRAUTO,48,27,19,11,9
IRCTC,55,36,21,13,10
KINGFA,55,39,29,22,20
NECLIFE,49,42,32,26,18
KOTARISUG,55,45,29,21,17
MADHAV,55,36,28,18,14
NEOGEN,45,34,22,18,11
NESCO,28,12,10,6,2
NESTLEIND,11,4,0,0,0
MANGCHEFER,55,39,27,22,15
NEULANDLAB,42,30,25,7,7
NEWGEN,48,30,21,11,7
NFL,47,27,17,15,12
NGIL,15,12,10,5,3
NH,48,29,18,6,4
NHPC,27,15,10,7,5
NIACL,40,25,17,12,8
ORICONENT,55,47,34,7,7
ORIENTCEM,55,32,14,8,3
NILAINFRA,38,25,21,15,11
NILASPACES,38,25,9,5,5
NILKAMAL,30,15,7,5,5
NIPPOBATRY,42,22,18,15,13
NIRAJ,36,17,13,11,6
RVHL,55,39,33,11,11
NITINSPIN,48,31,24,14,8
NITIRAJ,38,27,20,8,5
NKIND,47,38,31,12,9
NLCINDIA,31,18,13,7,3
SIGIND,55,36,28,19,16
STCINDIA,55,39,25,13,8
STEELXIND,55,41,33,23,17
TATACOFFEE,55,34,19,12,11
NOVARTIND,28,20,13,9,6
TRIL,55,41,25,23,16
NRBBEARING,47,26,15,11,5
NSIL,34,22,11,8,4
NTPC,29,16,6,2,2
NUCLEUS,39,23,13,9,5
VETO,55,42,29,16,12
NUVOCO,10,4,2,1,0
NXTDIGITAL,33,25,18,12,9
NYKAA,11,6,6,6,3
OAL,45,25,20,15,8
OBEROIRLTY,43,29,16,12,11
OCCL,40,21,10,5,3
OFSS,35,16,7,2,1
OIL,48,24,11,7,6
OILCOUNTUB,12,12,10,0,0
OLECTRA,31,28,27,7,7
OMAXAUTO,43,28,20,13,10
OMAXE,29,18,8,6,2
VLSFINANCE,55,43,28,20,13
OMKARCHEM,42,41,38,6,6
ONELIFECAP,45,39,36,4,4
ONEPOINT,31,29,21,4,4
ONGC,42,18,9,6,2
VSSL,55,40,27,15,15
WINPRO,55,49,45,2,2
AKASH,54,46,37,27,19
ORBTEXP,46,30,23,16,10
ORCHPHARMA,3,1,1,0,0
AKSHARCHEM,54,37,27,19,11
AROGRANITE,54,42,28,20,15
ORIENTALTL,46,30,20,17,14
ORIENTBELL,48,32,20,11,9
BCLIND,54,42,30,23,19
ORIENTELEC,40,17,9,6,5
ORIENTHOT,41,28,18,14,11
ORIENTLTD,43,26,20,7,5
CORDSCABLE,54,38,21,13,9
ORISSAMINE,43,29,18,14,8
ORTINLAB,42,34,32,18,16
DECCANCE,54,24,14,6,1
PAGEIND,37,19,8,5,1
PAISALO,38,24,17,8,3
DHANI,54,45,36,20,16
PALREDTEC,41,33,19,12,8
PANACEABIO,49,42,36,13,10
PANACHE,47,36,30,21,18
DYNPRO,54,34,25,22,17
PANSARI,24,24,24,0,0
PAR,34,32,29,0,0
PARACABLES,46,37,29,23,20
PARAGMILK,43,28,16,12,7
PARAS,15,10,10,6,6
GEECEE,54,40,24,18,12
PASUPTAC,11,9,7,6,5
GPTINFRA,54,39,25,22,18
IDFCFIRSTB,54,30,16,8,5
INDHOTEL,54,33,23,11,3
PAYTM,6,2,2,2,2
PBAINFRA,35,32,27,6,6
JAGSNPHARM,54,34,28,26,19
JINDRILL,54,35,25,15,9
PDPL,10,10,4,0,0
KCP,54,34,21,17,10
PEARLPOLY,43,27,20,8,7
KESORAMIND,54,33,21,17,12
KEYFINSERV,54,38,27,16,11
PENINLAND,41,33,30,3,3
METROPOLIS,54,29,14,8,5
PETRONET,17,3,2,0,0
PFC,36,15,7,2,0
PFIZER,22,12,6,3,1
MIRCELECTR,54,50,45,0,0
PFS,38,27,17,13,9
MOHITIND,54,46,35,6,6
PGHH,21,5,2,2,2
PGHL,16,4,3,1,1
PGIL,48,35,26,23,20
MRO-TEK,54,46,39,12,11
PHOENIXLTD,46,30,15,8,5
PIDILITIND,24,5,3,0,0
PIIND,37,23,15,7,5
PILANIINVS,19,13,8,5,4
NAHARPOLY,54,38,31,25,19
PIONDIST,31,18,9,4,4
NBCC,54,35,20,11,10
NELCO,54,48,40,17,12
PLASTIBLEN,42,19,13,10,6
PNB,43,22,17,12,5
PNBGILTS,32,18,11,11,7
PNBHOUSING,43,27,22,9,6
OPTIEMUS,54,48,42,3,3
ORIENTABRA,54,48,33,21,13
PODDARHOUS,49,40,28,2,2
PODDARMENT,45,28,21,14,10
PRESSMN,54,35,23,16,13
POLICYBZR,7,5,4,4,4
POLYCAB,48,25,12,4,3
POLYMED,43,26,20,10,3
POLYPLEX,49,28,18,13,9
PONNIERODE,43,22,16,10,9
PRESTIGE,54,30,23,16,6
POWERGRID,39,22,9,5,1
POWERINDIA,48,29,21,11,7
POWERMECH,45,28,19,10,8
PPAP,49,28,17,10,5
PPL,46,29,18,12,9
PRAENG,49,37,30,17,14
PRAJIND,44,34,27,17,14
PUNJABCHEM,54,30,24,17,8
RAJSREESUG,54,44,35,9,8
REDINGTON,54,36,19,12,10
SCHAND,54,42,31,18,12
SEQUENT,54,38,25,18,11
SHAREINDIA,54,34,28,23,16
PREMEXPLN,36,31,18,7,6
SITINET,54,40,27,16,1
SOLARA,54,25,18,11,6
SPLIL,54,43,28,18,14
TALBROAUTO,54,38,26,19,14
TFCILTD,54,33,23,17,12
TIIL,54,38,24,17,16
PRINCEPIPE,44,29,19,14,10
PRITIKAUTO,14,10,7,4,2
TIINDIA,54,29,14,4,2
PROZONINTU,44,35,30,16,15
TIMETECHNO,54,31,22,19,6
PSB,45,31,19,12,8
PSPPROJECT,41,23,16,7,3
PTC,49,33,14,9,8
PTL,34,21,11,7,2
VIPCLOTHNG,54,46,41,0,0
WEIZMANIND,54,35,25,14,13
PVP,20,18,16,2,2
AARVI,53,35,27,19,13
QUICKHEAL,42,23,14,9,5
ALICON,53,36,23,16,11
APTECHT,53,37,25,18,15
RADIOCITY,25,14,8,4,2
RAILTEL,32,16,8,6,6
ARIHANT,53,37,32,12,10
RAJESHEXPO,23,9,6,4,3
RAJMET,33,25,18,6,6
RAJRATAN,32,23,17,14,11
ARVINDFASN,53,39,26,13,8
RAJTV,36,21,14,8,7
RALLIS,26,16,6,3,1
RAMANEWS,48,37,29,18,13
AVTNPL,53,31,20,13,6
RAMCOCEM,29,9,6,3,3
RAMCOIND,35,21,13,7,4
RAMCOSYS,40,26,20,12,9
BRIGADE,53,34,23,13,9
CAMLINFINE,53,39,26,17,10
RANEENGINE,38,23,16,11,6
RANEHOLDIN,35,25,17,8,5
RATEGAIN,2,2,2,2,2
RATNAMANI,25,13,7,3,2
RAYMOND,41,23,17,8,3
RBL,23,13,8,5,4
RBLBANK,45,25,16,5,3
RCF,42,28,15,10,6
CAPACITE,53,36,23,16,9
RECLTD,34,18,11,1,0
CENTRUM,53,39,32,20,16
REFEX,48,34,28,15,11
RELAXO,29,14,10,7,4
CENTURYTEX,53,31,18,14,10
RELIANCE,20,10,4,2,0
COMPUSOFT,53,42,37,12,12
DAMODARIND,53,37,29,20,13
REMSONSIND,36,28,20,14,11
DCW,53,40,29,24,17
REPCOHOME,46,28,11,5,4
REPL,49,34,26,10,8
REPRO,35,21,14,9,8
RESPONIND,39,24,17,15,11
REVATHI,46,27,19,16,14
DEEPAKNTR,53,27,18,11,8
DIXON,53,28,13,11,5
RHIM,46,37,16,10,6
RICOAUTO,49,32,26,19,8
RIIL,41,31,22,19,15
RITES,20,11,7,5,2
EDELWEISS,53,36,28,8,7
EVEREADY,53,38,21,13,8
RMCL,3,3,1,0,0
RML,42,26,18,14,13
RNAVAL,2,2,1,0,0
ROHITFERRO,23,16,11,3,3
ROHLTD,41,29,19,9,7
ROLEXRINGS,17,9,4,1,1
GALLANTT,53,40,30,20,16
ROLTA,39,32,29,10,9
ROML,30,29,25,10,9
ROSSARI,41,23,18,11,6
GHCL,53,36,20,12,5
HILTON,53,43,37,3,3
RPGLIFE,38,25,21,14,9
RPOWER,46,43,38,11,11
RPPINFRA,48,31,28,23,17
RPPL,10,6,6,6,5
JINDALPOLY,53,45,31,19,15
JKTYRE,53,27,22,12,10
KEI,53,30,22,17,10
RSYSTEMS,46,33,18,13,11
LGBBROSLTD,53,34,21,16,12
LXCHEM,53,46,33,14,10
RUBYMILLS,43,26,17,12,10
RUCHI,38,31,28,5,5
RUCHIRA,48,27,18,13,7
RUPA,47,27,19,9,6
MAANALU,53,42,32,20,14
MANAKALUCO,53,41,32,27,24
RVNL,37,20,17,12,10
S&SPOWER,41,37,30,8,7
SABEVENTS,29,29,12,0,0
SADBHAV,44,29,20,12,7
MARINE,53,34,21,16,11
SAFARI,40,25,16,7,5
SAGARDEEP,31,22,14,3,3
SAGCEM,47,31,19,14,8
MMP,53,42,25,18,11
MOLDTKPAC,53,36,23,12,10
SAKHTISUG,33,21,13,9,7
NBVENTURES,53,32,17,14,11
SAKUMA,49,36,33,15,13
SALASAR,48,31,20,15,10
NECCLTD,53,39,29,19,16
SALSTEEL,36,33,25,8,8
NELCAST,53,34,24,14,8
SAMBHAAV,48,40,14,0,0
SANCO,46,33,25,13,13
SANDESH,32,20,11,5,4
SANDHAR,44,24,12,7,5
NMDC,53,30,14,6,3
PDSMFL,53,36,24,13,7
PRECWIRE,53,33,21,17,12
SANGINITA,37,28,21,14,14
SANOFI,16,3,1,0,0
SANSERA,13,5,2,2,2
SAPPHIRE,9,2,1,1,0
PREMIERPOL,53,42,31,24,21
SAREGAMA,37,27,17,10,6
PRIVISCL,53,38,26,20,15
SASKEN,44,32,16,12,11
QUESS,53,29,19,11,3
SATIA,39,19,14,5,2
RADICO,53,33,24,12,7
SBC,14,11,9,4,4
RKEC,53,41,29,24,22
SBICARD,41,19,9,5,2
SBILIFE,31,6,1,0,0
SBIN,40,15,8,5,3
SCAPDVR,49,41,28,5,5
SCHAEFFLER,26,12,6,4,2
SADBHIN,53,41,33,14,9
SCHNEIDER,47,34,21,14,11
SCI,45,33,17,10,8
SDBL,44,36,28,11,9
SEAMECLTD,39,31,26,16,9
SATIN,53,36,30,13,11
SELAN,47,32,20,11,5
SELMC,34,34,34,3,3
SHREYANIND,53,35,23,17,10
SUNFLAG,53,32,20,14,13
SERVOTECH,40,40,37,1,1
SESHAPAPER,45,18,11,6,3
TATAELXSI,53,29,19,11,8
SETUINFRA,25,25,16,7,2
TWL,53,38,24,14,9
SFL,35,17,9,4,1
SGIL,25,18,10,6,6
VINYLINDIA,53,32,22,17,15
SHAHALLOYS,15,15,14,0,0
SHAKTIPUMP,48,35,21,16,12
SHALBY,46,33,22,16,7
WELCORP,53,35,23,14,8
SHANKARA,49,26,18,17,12
SHANTI,9,8,6,4,4
SHANTIGEAR,43,26,17,9,7
SHARDACROP,41,25,13,10,4
SHARDAMOTR,47,36,22,16,12
WINDMACHIN,53,43,36,18,15
SHEMAROO,32,27,24,15,15
SHIL,48,39,33,6,6
XCHANGING,53,37,26,18,11
SHIVALIK,4,4,3,3,3
SHIVAMAUTO,39,29,19,8,7
ZENSARTECH,53,35,26,15,9
ZENTEC,53,40,37,13,11
SHK,44,27,18,12,8
SHOPERSTOP,48,27,17,13,10
ADVANIHOTR,52,38,23,13,11
SHREDIGCEM,43,22,13,9,7
SHREECEM,25,17,9,3,3
ALPHAGEO,52,39,27,17,12
ANSALAPI,52,45,36,12,11
ARIHANTSUP,52,43,32,15,13
ASAL,52,46,43,4,4
BANARISUG,52,35,18,8,6
SHRIRAMCIT,47,32,20,12,7
CARBORUNIV,52,38,23,12,4
CENTRALBK,52,36,29,17,13
SHYAMMETL,19,12,7,5,2
CEREBRAINT,52,39,28,19,13
SIEMENS,32,9,4,4,3
SIGACHI,2,2,1,1,1
CHAMBLFERT,52,30,18,14,7
SIKKO,28,26,25,0,0
SILGO,30,19,17,15,15
SILINV,31,16,11,7,5
SILLYMONKS,19,14,9,5,5
SIMBHALS,49,41,32,0,0
DHUNINV,52,34,23,17,13
SINTERCOM,43,21,13,10,8
SINTEX,40,32,21,5,5
SIRCA,37,24,17,11,9
SIS,34,17,8,7,3
DONEAR,52,35,23,17,12
EXPLEOSOL,52,38,32,23,17
SJS,5,5,3,3,1
SJVN,18,9,5,1,1
SKFINDIA,36,16,13,7,6
HFCL,52,43,32,22,19
SKMEGGPROD,43,29,23,18,13
SMARTLINK,40,29,21,15,14
SMCGLOBAL,28,18,14,12,8
SMLISUZU,34,20,16,11,10
SMLT,9,7,7,6,6
SMSLIFE,39,22,12,8,7
SMSPHARMA,37,24,18,12,8
SNOWMAN,37,21,16,11,8
HITECHGEAR,52,34,24,11,9
IFCI,52,43,38,25,23
SOLARINDS,40,23,16,9,7
SOMANYCERA,34,26,16,7,6
IIFLSEC,52,36,27,18,12
SOMICONVEY,47,39,35,11,10
SONACOMS,32,23,18,13,8
INDLMETER,52,34,24,15,14
IVC,52,45,39,12,10
SOTL,42,24,16,15,8
SOUTHBANK,34,23,15,11,7
JASH,52,32,23,19,14
KAMDHENU,52,39,29,19,14
SPANDANA,37,19,9,7,6
SPARC,48,27,14,12,11
KOLTEPATIL,52,34,22,17,10
MAHLOG,52,25,14,10,5
NAHARSPING,52,44,36,4,3
SPICEJET,38,29,16,9,6
NAVKARCORP,52,28,20,15,12
SPMLINFRA,40,33,28,7,7
NIBL,52,43,36,7,4
SPYL,13,13,13,13,13
SREEL,32,21,13,11,7
SREINFRA,41,36,30,17,16
SRF,39,22,10,4,2
SRHHYPOLTD,49,27,21,16,11
SRIPIPES,43,22,12,7,3
SRPL,28,22,16,5,5
SRTRANSFIN,45,31,17,8,5
SSWL,49,32,19,12,9
STAR,30,19,12,9,5
STARCEMENT,27,13,8,3,2
STARHEALTH,1,1,0,0,0
STARPAPER,46,27,15,9,5
ONWARDTEC,52,41,32,18,13
STEELCAS,4,4,3,2,1
STEELCITY,45,29,23,19,15
PEL,52,29,18,11,5
STEL,47,34,24,16,15
STERTOOLS,37,21,11,9,7
STLTECH,45,31,14,9,8
STYLAMIND,23,18,15,8,5
PNCINFRA,52,31,17,12,9
SUBROS,38,26,22,11,8
SUDARSCHEM,31,18,10,8,7
SUMEETINDS,13,11,8,3,3
SUMICHEM,38,23,12,5,4
SUMIT,37,28,21,15,14
SUMMITSEC,26,11,8,5,5
SUNCLAYLTD,37,22,17,12,7
PRSMJOHNSN,52,25,17,9,4
SUNDARMFIN,28,18,10,8,4
SUNDARMHLD,40,21,14,9,6
SUNDRMBRAK,44,21,11,8,4
SUNDRMFAST,48,21,9,7,5
ROUTE,52,26,15,10,7
SUNPHARMA,26,8,3,2,1
SOBHA,52,32,24,20,14
SUNTV,37,18,11,4,2
SUPERHOUSE,48,25,15,9,3
SORILINFRA,52,39,29,24,20
SUPPETRO,43,30,18,8,5
TARC,52,35,25,14,13
TARMAT,52,40,31,25,22
SUPREMEIND,30,16,6,3,1
SUPREMEINF,13,13,12,0,0
SUPRIYA,3,3,3,3,3
SURANASOL,47,39,34,8,8
TATAMOTORS,52,30,18,15,9
SURYALAXMI,36,28,23,4,4
TPLPLASTEH,52,39,27,22,14
SURYODAY,14,6,4,3,3
VRLLOG,52,37,25,17,16
VTL,52,35,18,10,7
WABAG,52,34,19,14,8
SUVENPHAR,34,15,6,3,2
SUVIDHAA,38,28,22,7,6
63MOONS,51,36,32,12,9
SVPGLOB,26,19,13,8,6
SWANENERGY,33,18,9,6,4
SWARAJENG,19,12,5,2,1
ABFRL,51,32,24,15,7
ADANIPORTS,51,28,16,7,4
SYMPHONY,25,13,5,4,4
SYNGENE,27,11,4,4,2
TAINWALCHM,38,27,19,12,10
TAJGVK,31,18,9,5,2
TAKE,46,29,20,14,11
ASAHIINDIA,51,26,15,9,6
ASHAPURMIN,51,39,30,8,7
TARAPUR,38,34,21,9,7
BFUTILITIE,51,33,23,13,7
BORORENEW,51,45,39,11,9
TARSONS,4,3,3,2,2
TASTYBITE,34,20,16,8,7
TATACHEM,44,22,12,7,4
FIEMIND,51,41,29,21,15
TATACOMM,42,23,15,7,3
TATACONSUM,18,7,3,0,0
FLEXITUFF,51,46,40,9,9
TATAINVEST,26,8,6,3,3
TATAMETALI,48,29,12,8,6
GAEL,51,34,18,8,3
GOACARBON,51,39,29,13,9
INDBANK,51,36,30,23,19
INDOTECH,51,36,32,14,12
TATASTLLP,40,28,18,3,2
TATVA,21,11,10,10,5
INDOTHAI,51,47,40,7,7
TCI,46,31,19,15,12
TCIDEVELOP,32,17,12,7,7
INVENTURE,51,42,30,24,20
KANORICHEM,51,39,26,3,2
TCNSBRANDS,41,27,20,15,10
TCPLPACK,38,26,13,10,5
TCS,19,5,0,0,0
KRBL,51,32,20,12,7
LUMAXTECH,51,32,23,8,7
TECHIN,37,33,22,3,3
TECHM,47,15,5,3,1
TECHNOE,38,22,12,8,5
TEGA,4,3,1,1,1
TEJASNET,46,42,35,5,5
TEMBO,31,15,7,5,4
MAXHEALTH,51,29,19,14,9
TEXINFRA,30,19,9,5,3
NURECA,51,43,40,11,11
TEXRAIL,46,32,24,12,9
ORIENTPPR,51,39,28,15,12
TFL,37,31,16,0,0
PATELENG,51,44,29,26,21
THANGAMAYL,47,27,14,12,11
THEINVEST,39,25,20,16,12
THEMISMED,42,32,26,20,14
THERMAX,39,23,14,9,5
PATINTLOG,51,39,28,14,13
THYROCARE,40,25,10,7,3
TI,45,35,32,12,11
TIDEWATER,30,26,24,9,7
PFOCUS,51,42,34,14,12
SBCL,51,40,31,17,16
TIJARIA,43,30,26,0,0
TIL,40,24,20,12,7
SEYAIND,51,35,23,13,10
SKIPPER,51,37,25,13,9
TIMKEN,42,20,12,10,7
SUPRAJIT,51,32,22,11,7
TIPSINDLTD,24,23,19,2,2
SUVEN,51,34,24,16,10
TITAN,27,17,6,4,2
SWELECTES,51,32,24,15,11
TGBHOTELS,51,42,30,10,8
TNPL,35,17,10,4,4
TOKYOPLAST,39,30,24,20,18
TORNTPHARM,26,9,4,2,0
TORNTPOWER,36,18,8,6,5
VIMTALABS,51,42,30,24,16
TOUCHWOOD,44,34,30,11,10
ZOTA,51,35,22,14,13
TREEHOUSE,40,30,26,10,9
5PAISA,50,40,27,16,10
TRENT,47,18,9,5,3
ALKALI,50,34,27,19,16
ARTEMISMED,50,38,25,11,10
ATLANTA,50,41,33,5,5
BODALCHEM,50,36,21,12,10
BYKE,50,32,25,19,18
CEBBCO,50,45,44,8,6
TTKHLTCARE,40,21,15,9,5
TTKPRESTIG,34,17,12,9,8
TTL,46,35,25,14,11
TTML,46,46,44,0,0
TV18BRDCST,47,33,21,21,15
TVSELECT,43,32,26,10,8
TVSMOTOR,38,16,6,4,3
TVSSRICHAK,36,17,8,4,2
TVTODAY,43,27,12,8,6
CENTUM,50,30,22,14,10
UBL,28,12,4,2,0
UCALFUEL,41,27,15,7,6
UCOBANK,30,21,12,7,5
UDAICEMENT,1,0,0,0,0
UFLEX,44,26,15,9,6
UFO,41,30,19,12,3
COFORGE,50,31,17,7,2
UGROCAP,22,14,10,8,4
UJAAS,34,32,16,14,14
UJJIVAN,30,18,13,7,3
UJJIVANSFB,26,15,10,6,6
ULTRACEMCO,29,11,4,2,2
UMANGDAIRY,37,26,21,15,12
UNICHEMLAB,38,22,12,6,5
COUNCODOS,50,42,37,14,12
UNIENTER,48,34,21,13,10
UNIONBANK,48,32,21,16,7
UNITEDPOLY,1,1,1,0,0
UNITEDTEA,23,16,9,8,5
UNIVASTU,49,35,26,13,12
UNIVCABLES,43,29,17,10,7
DALBHARAT,50,23,10,4,2
UPL,35,20,11,7,6
DOLATALGO,50,33,22,19,13
FLFL,50,34,29,9,7
UTIAMC,45,24,12,7,5
UTTAMSTL,47,38,31,3,3
UTTAMSUGAR,41,24,20,19,17
V2RETAIL,43,37,29,8,5
VADILALIND,37,25,11,6,3
FSC,50,36,26,9,9
VAISHALI,30,21,18,12,10
VAKRANGEE,46,33,22,11,8
VALIANTORG,39,23,12,7,6
GILLANDERS,50,32,24,4,4
VARDMNPOLY,47,43,37,21,18
VARROC,41,28,13,7,3
GNFC,50,35,20,14,10
GOCLCORP,50,34,24,20,13
VBL,47,24,12,6,3
GUJALKALI,50,31,20,15,14
VENKEYS,38,25,17,15,10
HAPPSTMNDS,50,31,23,16,10
VERTOZ,46,31,18,10,10
VESUVIUS,26,12,9,5,2
HIMATSEIDE,50,39,23,11,5
VGUARD,37,21,10,6,3
VHL,34,22,14,10,8
HISARMETAL,50,35,25,21,17
VIJAYA,11,7,4,3,2
VIJIFIN,31,28,25,20,19
HPL,50,37,29,10,7
IIFL,50,33,28,9,9
JAGRAN,50,34,15,10,5
JAYAGROGN,50,37,27,18,13
KANPRPLA,50,33,21,18,12
VINATIORGA,40,19,6,5,4
VINDHYATEL,41,26,16,14,10
VINEETLAB,36,30,25,9,7
KAYA,50,33,21,15,12
KILITCH,50,37,30,11,9
VIPIND,47,22,15,9,6
LAMBODHARA,50,31,17,16,10
VISAKAIND,44,33,20,13,8
MENONBE,50,33,22,15,8
MOTOGENFIN,50,34,24,12,7
PCJEWELLER,50,26,22,11,7
VISHWARAJ,43,32,18,11,9
VIVIDHA,36,36,36,31,15
VIVIMEDLAB,43,34,27,18,17
PHILIPCARB,50,31,17,11,6
VMART,42,16,9,6,4
VOLTAMP,41,23,20,15,9
VOLTAS,33,17,8,3,1
PILITA,50,39,27,23,16
PNC,50,37,29,17,15
VSTIND,15,4,1,0,0
VSTTILLERS,37,25,23,19,9
RAMASTEEL,50,36,35,11,11
RELINFRA,50,39,32,13,13
WABCOINDIA,31,15,7,4,3
WALCHANNAG,46,30,25,15,11
WATERBASE,28,20,13,6,5
WEALTH,26,21,13,1,1
RKFORGE,50,32,19,10,9
SAKAR,50,40,24,20,15
SAKSOFT,50,36,27,22,18
WELENT,41,26,18,11,6
WELINV,36,18,9,4,3
SARDAEN,50,36,29,14,10
WENDT,31,22,17,13,6
WESTLIFE,41,22,11,4,1
WHEELS,40,26,17,8,8
WHIRLPOOL,24,9,6,5,2
SHALPAINTS,50,29,22,13,5
WINDLAS,10,3,3,2,1
SHILPAMED,50,30,20,11,6
SHRADHA,50,31,22,10,8
WIPRO,31,14,7,4,2
WOCKPHARMA,46,30,22,11,9
WONDERLA,33,17,7,4,1
SICAL,50,44,41,10,10
WSI,48,46,38,7,3
SONATSOFTW,50,33,15,10,7
SUPERSPIN,50,39,26,7,6
XELPMOC,42,27,22,10,8
TEAMLEASE,50,24,14,11,7
YAARI,1,1,0,0,0
YESBANK,25,20,12,7,4
YUKEN,10,2,2,1,1
ZEEL,44,30,12,7,5
ZEELEARN,39,29,23,19,14
TERASOFT,50,39,28,13,11
ZENITHEXPO,47,32,21,11,7
ZENITHSTL,16,16,15,6,0
TOTAL,50,40,34,20,13
UNIDT,50,36,25,20,14
ZODIAC,14,14,14,0,0
ZODIACLOTH,44,30,21,13,7
ZOMATO,26,21,15,10,8
WORTH,50,30,23,16,16
ZUARI,43,30,20,9,5
ZUARIGLOB,36,31,23,8,8
ZYDUSWELL,18,6,1,0,0
